{"Version":1,"ManifestType":"Publish","Endpoints":[{"Route":".5ipweew5fc.gitkeep","AssetFile":".gitkeep","Selectors":[],"ResponseHeaders":[{"Name":"Cache-Control","Value":"max-age=31536000, immutable"},{"Name":"Content-Length","Value":"0"},{"Name":"Content-Type","Value":"application/octet-stream"},{"Name":"ETag","Value":"\"47DEQpj8HBSa+/TImW+5JCeuQeRkm5NMpJWZG3hSuFU=\""},{"Name":"Last-Modified","Value":"Mon, 08 Dec 2025 05:28:21 GMT"}],"EndpointProperties":[{"Name":"fingerprint","Value":"5ipweew5fc"},{"Name":"integrity","Value":"sha256-47DEQpj8HBSa+/TImW+5JCeuQeRkm5NMpJWZG3hSuFU="},{"Name":"label","Value":".gitkeep"}]},{"Route":".gitkeep","AssetFile":".gitkeep","Selectors":[],"ResponseHeaders":[{"Name":"Cache-Control","Value":"no-cache"},{"Name":"Content-Length","Value":"0"},{"Name":"Content-Type","Value":"application/octet-stream"},{"Name":"ETag","Value":"\"47DEQpj8HBSa+/TImW+5JCeuQeRkm5NMpJWZG3hSuFU=\""},{"Name":"Last-Modified","Value":"Mon, 08 Dec 2025 05:28:21 GMT"}],"EndpointProperties":[{"Name":"integrity","Value":"sha256-47DEQpj8HBSa+/TImW+5JCeuQeRkm5NMpJWZG3hSuFU="}]},{"Route":"asset-manifest.json","AssetFile":"asset-manifest.json","Selectors":[],"ResponseHeaders":[{"Name":"Cache-Control","Value":"no-cache"},{"Name":"Content-Length","Value":"1796"},{"Name":"Content-Type","Value":"application/json"},{"Name":"ETag","Value":"\"NKyWAtQv38VxHZWFiR9BFuhA5gag/lLzhkdRbYQBGjs=\""},{"Name":"Last-Modified","Value":"Mon, 08 Dec 2025 05:28:22 GMT"}],"EndpointProperties":[{"Name":"integrity","Value":"sha256-NKyWAtQv38VxHZWFiR9BFuhA5gag/lLzhkdRbYQBGjs="}]},{"Route":"asset-manifest.sqzdaj4wus.json","AssetFile":"asset-manifest.json","Selectors":[],"ResponseHeaders":[{"Name":"Cache-Control","Value":"max-age=31536000, immutable"},{"Name":"Content-Length","Value":"1796"},{"Name":"Content-Type","Value":"application/json"},{"Name":"ETag","Value":"\"NKyWAtQv38VxHZWFiR9BFuhA5gag/lLzhkdRbYQBGjs=\""},{"Name":"Last-Modified","Value":"Mon, 08 Dec 2025 05:28:22 GMT"}],"EndpointProperties":[{"Name":"fingerprint","Value":"sqzdaj4wus"},{"Name":"integrity","Value":"sha256-NKyWAtQv38VxHZWFiR9BFuhA5gag/lLzhkdRbYQBGjs="},{"Name":"label","Value":"asset-manifest.json"}]},{"Route":"favicon.ico","AssetFile":"favicon.ico","Selectors":[],"ResponseHeaders":[{"Name":"Cache-Control","Value":"max-age=3600, must-revalidate"},{"Name":"Content-Length","Value":"15086"},{"Name":"Content-Type","Value":"image/x-icon"},{"Name":"ETag","Value":"\"W1HpZIY1lELiP6+BYvDzAF3pwVM0uuk2ZM174mYfd4I=\""},{"Name":"Last-Modified","Value":"Mon, 08 Dec 2025 05:28:22 GMT"}],"EndpointProperties":[{"Name":"integrity","Value":"sha256-W1HpZIY1lELiP6+BYvDzAF3pwVM0uuk2ZM174mYfd4I="}]},{"Route":"favicon.l8rb4z6kki.ico","AssetFile":"favicon.ico","Selectors":[],"ResponseHeaders":[{"Name":"Cache-Control","Value":"max-age=31536000, immutable"},{"Name":"Content-Length","Value":"15086"},{"Name":"Content-Type","Value":"image/x-icon"},{"Name":"ETag","Value":"\"W1HpZIY1lELiP6+BYvDzAF3pwVM0uuk2ZM174mYfd4I=\""},{"Name":"Last-Modified","Value":"Mon, 08 Dec 2025 05:28:22 GMT"}],"EndpointProperties":[{"Name":"fingerprint","Value":"l8rb4z6kki"},{"Name":"integrity","Value":"sha256-W1HpZIY1lELiP6+BYvDzAF3pwVM0uuk2ZM174mYfd4I="},{"Name":"label","Value":"favicon.ico"}]},{"Route":"index.1ml93pl06f.html","AssetFile":"index.html","Selectors":[],"ResponseHeaders":[{"Name":"Cache-Control","Value":"max-age=31536000, immutable"},{"Name":"Content-Length","Value":"753"},{"Name":"Content-Type","Value":"text/html"},{"Name":"ETag","Value":"\"V/NzqW8RMzTZYBlYd51XKXy7S6FvD4SlzuDel0LcRjI=\""},{"Name":"Last-Modified","Value":"Mon, 08 Dec 2025 05:28:22 GMT"}],"EndpointProperties":[{"Name":"fingerprint","Value":"1ml93pl06f"},{"Name":"integrity","Value":"sha256-V/NzqW8RMzTZYBlYd51XKXy7S6FvD4SlzuDel0LcRjI="},{"Name":"label","Value":"index.html"}]},{"Route":"index.html","AssetFile":"index.html","Selectors":[],"ResponseHeaders":[{"Name":"Cache-Control","Value":"no-cache"},{"Name":"Content-Length","Value":"753"},{"Name":"Content-Type","Value":"text/html"},{"Name":"ETag","Value":"\"V/NzqW8RMzTZYBlYd51XKXy7S6FvD4SlzuDel0LcRjI=\""},{"Name":"Last-Modified","Value":"Mon, 08 Dec 2025 05:28:22 GMT"}],"EndpointProperties":[{"Name":"integrity","Value":"sha256-V/NzqW8RMzTZYBlYd51XKXy7S6FvD4SlzuDel0LcRjI="}]},{"Route":"logo192.3q49imccyt.png","AssetFile":"logo192.png","Selectors":[],"ResponseHeaders":[{"Name":"Cache-Control","Value":"max-age=31536000, immutable"},{"Name":"Content-Length","Value":"14"},{"Name":"Content-Type","Value":"image/png"},{"Name":"ETag","Value":"\"1VWM1BnI1GvclYBky5f5Y9HqeThmQUwCWQbsFQM1Eu0=\""},{"Name":"Last-Modified","Value":"Mon, 08 Dec 2025 05:28:22 GMT"}],"EndpointProperties":[{"Name":"fingerprint","Value":"3q49imccyt"},{"Name":"integrity","Value":"sha256-1VWM1BnI1GvclYBky5f5Y9HqeThmQUwCWQbsFQM1Eu0="},{"Name":"label","Value":"logo192.png"}]},{"Route":"logo192.png","AssetFile":"logo192.png","Selectors":[],"ResponseHeaders":[{"Name":"Cache-Control","Value":"max-age=3600, must-revalidate"},{"Name":"Content-Length","Value":"14"},{"Name":"Content-Type","Value":"image/png"},{"Name":"ETag","Value":"\"1VWM1BnI1GvclYBky5f5Y9HqeThmQUwCWQbsFQM1Eu0=\""},{"Name":"Last-Modified","Value":"Mon, 08 Dec 2025 05:28:22 GMT"}],"EndpointProperties":[{"Name":"integrity","Value":"sha256-1VWM1BnI1GvclYBky5f5Y9HqeThmQUwCWQbsFQM1Eu0="}]},{"Route":"logo512.3q49imccyt.png","AssetFile":"logo512.png","Selectors":[],"ResponseHeaders":[{"Name":"Cache-Control","Value":"max-age=31536000, immutable"},{"Name":"Content-Length","Value":"14"},{"Name":"Content-Type","Value":"image/png"},{"Name":"ETag","Value":"\"1VWM1BnI1GvclYBky5f5Y9HqeThmQUwCWQbsFQM1Eu0=\""},{"Name":"Last-Modified","Value":"Mon, 08 Dec 2025 05:28:22 GMT"}],"EndpointProperties":[{"Name":"fingerprint","Value":"3q49imccyt"},{"Name":"integrity","Value":"sha256-1VWM1BnI1GvclYBky5f5Y9HqeThmQUwCWQbsFQM1Eu0="},{"Name":"label","Value":"logo512.png"}]},{"Route":"logo512.png","AssetFile":"logo512.png","Selectors":[],"ResponseHeaders":[{"Name":"Cache-Control","Value":"max-age=3600, must-revalidate"},{"Name":"Content-Length","Value":"14"},{"Name":"Content-Type","Value":"image/png"},{"Name":"ETag","Value":"\"1VWM1BnI1GvclYBky5f5Y9HqeThmQUwCWQbsFQM1Eu0=\""},{"Name":"Last-Modified","Value":"Mon, 08 Dec 2025 05:28:22 GMT"}],"EndpointProperties":[{"Name":"integrity","Value":"sha256-1VWM1BnI1GvclYBky5f5Y9HqeThmQUwCWQbsFQM1Eu0="}]},{"Route":"manifest.4q3wynq1z2.json","AssetFile":"manifest.json","Selectors":[],"ResponseHeaders":[{"Name":"Cache-Control","Value":"max-age=31536000, immutable"},{"Name":"Content-Length","Value":"378"},{"Name":"Content-Type","Value":"application/json"},{"Name":"ETag","Value":"\"3NhD03c+a2cPQ4HwCVmt8/U4jWqcH96C9Bsx7kU596Q=\""},{"Name":"Last-Modified","Value":"Mon, 08 Dec 2025 05:28:22 GMT"}],"EndpointProperties":[{"Name":"fingerprint","Value":"4q3wynq1z2"},{"Name":"integrity","Value":"sha256-3NhD03c+a2cPQ4HwCVmt8/U4jWqcH96C9Bsx7kU596Q="},{"Name":"label","Value":"manifest.json"}]},{"Route":"manifest.json","AssetFile":"manifest.json","Selectors":[],"ResponseHeaders":[{"Name":"Cache-Control","Value":"no-cache"},{"Name":"Content-Length","Value":"378"},{"Name":"Content-Type","Value":"application/json"},{"Name":"ETag","Value":"\"3NhD03c+a2cPQ4HwCVmt8/U4jWqcH96C9Bsx7kU596Q=\""},{"Name":"Last-Modified","Value":"Mon, 08 Dec 2025 05:28:22 GMT"}],"EndpointProperties":[{"Name":"integrity","Value":"sha256-3NhD03c+a2cPQ4HwCVmt8/U4jWqcH96C9Bsx7kU596Q="}]},{"Route":"robots.hst13dacso.txt","AssetFile":"robots.txt","Selectors":[],"ResponseHeaders":[{"Name":"Cache-Control","Value":"max-age=31536000, immutable"},{"Name":"Content-Length","Value":"25"},{"Name":"Content-Type","Value":"text/plain"},{"Name":"ETag","Value":"\"79tZOKlzZyf1zOK2A1VYjk+lQdGdAi0iLYoJuO/V3M4=\""},{"Name":"Last-Modified","Value":"Mon, 08 Dec 2025 05:28:22 GMT"}],"EndpointProperties":[{"Name":"fingerprint","Value":"hst13dacso"},{"Name":"integrity","Value":"sha256-79tZOKlzZyf1zOK2A1VYjk+lQdGdAi0iLYoJuO/V3M4="},{"Name":"label","Value":"robots.txt"}]},{"Route":"robots.txt","AssetFile":"robots.txt","Selectors":[],"ResponseHeaders":[{"Name":"Cache-Control","Value":"no-cache"},{"Name":"Content-Length","Value":"25"},{"Name":"Content-Type","Value":"text/plain"},{"Name":"ETag","Value":"\"79tZOKlzZyf1zOK2A1VYjk+lQdGdAi0iLYoJuO/V3M4=\""},{"Name":"Last-Modified","Value":"Mon, 08 Dec 2025 05:28:22 GMT"}],"EndpointProperties":[{"Name":"integrity","Value":"sha256-79tZOKlzZyf1zOK2A1VYjk+lQdGdAi0iLYoJuO/V3M4="}]},{"Route":"static/css/main.42d9d23f.css","AssetFile":"static/css/main.42d9d23f.css","Selectors":[],"ResponseHeaders":[{"Name":"Cache-Control","Value":"no-cache"},{"Name":"Content-Length","Value":"577196"},{"Name":"Content-Type","Value":"text/css"},{"Name":"ETag","Value":"\"7T/TMWolg692ZcVl5vfN1o92Ym1o6MTifLK52V3435k=\""},{"Name":"Last-Modified","Value":"Mon, 08 Dec 2025 05:28:22 GMT"}],"EndpointProperties":[{"Name":"integrity","Value":"sha256-7T/TMWolg692ZcVl5vfN1o92Ym1o6MTifLK52V3435k="}]},{"Route":"static/css/main.42d9d23f.css.map","AssetFile":"static/css/main.42d9d23f.css.map","Selectors":[],"ResponseHeaders":[{"Name":"Cache-Control","Value":"no-cache"},{"Name":"Content-Length","Value":"2618421"},{"Name":"Content-Type","Value":"text/plain"},{"Name":"ETag","Value":"\"Js8oBwRATAAG/z8GH58J0aKcDetLmkX7tskljQgzTnk=\""},{"Name":"Last-Modified","Value":"Mon, 08 Dec 2025 05:28:23 GMT"}],"EndpointProperties":[{"Name":"integrity","Value":"sha256-Js8oBwRATAAG/z8GH58J0aKcDetLmkX7tskljQgzTnk="}]},{"Route":"static/css/main.42d9d23f.css.y9wnk6qzh7.map","AssetFile":"static/css/main.42d9d23f.css.map","Selectors":[],"ResponseHeaders":[{"Name":"Cache-Control","Value":"max-age=31536000, immutable"},{"Name":"Content-Length","Value":"2618421"},{"Name":"Content-Type","Value":"text/plain"},{"Name":"ETag","Value":"\"Js8oBwRATAAG/z8GH58J0aKcDetLmkX7tskljQgzTnk=\""},{"Name":"Last-Modified","Value":"Mon, 08 Dec 2025 05:28:23 GMT"}],"EndpointProperties":[{"Name":"fingerprint","Value":"y9wnk6qzh7"},{"Name":"integrity","Value":"sha256-Js8oBwRATAAG/z8GH58J0aKcDetLmkX7tskljQgzTnk="},{"Name":"label","Value":"static/css/main.42d9d23f.css.map"}]},{"Route":"static/css/main.42d9d23f.h3jhxh2gq2.css","AssetFile":"static/css/main.42d9d23f.css","Selectors":[],"ResponseHeaders":[{"Name":"Cache-Control","Value":"max-age=31536000, immutable"},{"Name":"Content-Length","Value":"577196"},{"Name":"Content-Type","Value":"text/css"},{"Name":"ETag","Value":"\"7T/TMWolg692ZcVl5vfN1o92Ym1o6MTifLK52V3435k=\""},{"Name":"Last-Modified","Value":"Mon, 08 Dec 2025 05:28:22 GMT"}],"EndpointProperties":[{"Name":"fingerprint","Value":"h3jhxh2gq2"},{"Name":"integrity","Value":"sha256-7T/TMWolg692ZcVl5vfN1o92Ym1o6MTifLK52V3435k="},{"Name":"label","Value":"static/css/main.42d9d23f.css"}]},{"Route":"static/js/main.75d4dcf1.4sd5duj5jv.js","AssetFile":"static/js/main.75d4dcf1.js","Selectors":[],"ResponseHeaders":[{"Name":"Cache-Control","Value":"max-age=31536000, immutable"},{"Name":"Content-Length","Value":"1039510"},{"Name":"Content-Type","Value":"text/javascript"},{"Name":"ETag","Value":"\"BKrkTjHRMYYxmzbv0Mi5uWwRRAh3Gq+nSDx0h6sewUk=\""},{"Name":"Last-Modified","Value":"Mon, 08 Dec 2025 05:28:23 GMT"}],"EndpointProperties":[{"Name":"fingerprint","Value":"4sd5duj5jv"},{"Name":"integrity","Value":"sha256-BKrkTjHRMYYxmzbv0Mi5uWwRRAh3Gq+nSDx0h6sewUk="},{"Name":"label","Value":"static/js/main.75d4dcf1.js"}]},{"Route":"static/js/main.75d4dcf1.js","AssetFile":"static/js/main.75d4dcf1.js","Selectors":[],"ResponseHeaders":[{"Name":"Cache-Control","Value":"no-cache"},{"Name":"Content-Length","Value":"1039510"},{"Name":"Content-Type","Value":"text/javascript"},{"Name":"ETag","Value":"\"BKrkTjHRMYYxmzbv0Mi5uWwRRAh3Gq+nSDx0h6sewUk=\""},{"Name":"Last-Modified","Value":"Mon, 08 Dec 2025 05:28:23 GMT"}],"EndpointProperties":[{"Name":"integrity","Value":"sha256-BKrkTjHRMYYxmzbv0Mi5uWwRRAh3Gq+nSDx0h6sewUk="}]},{"Route":"static/js/main.75d4dcf1.js.05253394t2.map","AssetFile":"static/js/main.75d4dcf1.js.map","Selectors":[],"ResponseHeaders":[{"Name":"Cache-Control","Value":"max-age=31536000, immutable"},{"Name":"Content-Length","Value":"4405142"},{"Name":"Content-Type","Value":"text/plain"},{"Name":"ETag","Value":"\"FPklwAmJXDEQFwruXmyQUvs0IAu0LytFKFMvEksSAB4=\""},{"Name":"Last-Modified","Value":"Mon, 08 Dec 2025 05:28:23 GMT"}],"EndpointProperties":[{"Name":"fingerprint","Value":"05253394t2"},{"Name":"integrity","Value":"sha256-FPklwAmJXDEQFwruXmyQUvs0IAu0LytFKFMvEksSAB4="},{"Name":"label","Value":"static/js/main.75d4dcf1.js.map"}]},{"Route":"static/js/main.75d4dcf1.js.LICENSE.txt","AssetFile":"static/js/main.75d4dcf1.js.LICENSE.txt","Selectors":[],"ResponseHeaders":[{"Name":"Cache-Control","Value":"no-cache"},{"Name":"Content-Length","Value":"5312"},{"Name":"Content-Type","Value":"text/plain"},{"Name":"ETag","Value":"\"8Ff2o9gMwfmTo3/nQ4FRZ6g65Dl3KCMn4mrJ3cZ8Wzk=\""},{"Name":"Last-Modified","Value":"Mon, 08 Dec 2025 05:28:23 GMT"}],"EndpointProperties":[{"Name":"integrity","Value":"sha256-8Ff2o9gMwfmTo3/nQ4FRZ6g65Dl3KCMn4mrJ3cZ8Wzk="}]},{"Route":"static/js/main.75d4dcf1.js.LICENSE.wollvikol6.txt","AssetFile":"static/js/main.75d4dcf1.js.LICENSE.txt","Selectors":[],"ResponseHeaders":[{"Name":"Cache-Control","Value":"max-age=31536000, immutable"},{"Name":"Content-Length","Value":"5312"},{"Name":"Content-Type","Value":"text/plain"},{"Name":"ETag","Value":"\"8Ff2o9gMwfmTo3/nQ4FRZ6g65Dl3KCMn4mrJ3cZ8Wzk=\""},{"Name":"Last-Modified","Value":"Mon, 08 Dec 2025 05:28:23 GMT"}],"EndpointProperties":[{"Name":"fingerprint","Value":"wollvikol6"},{"Name":"integrity","Value":"sha256-8Ff2o9gMwfmTo3/nQ4FRZ6g65Dl3KCMn4mrJ3cZ8Wzk="},{"Name":"label","Value":"static/js/main.75d4dcf1.js.LICENSE.txt"}]},{"Route":"static/js/main.75d4dcf1.js.map","AssetFile":"static/js/main.75d4dcf1.js.map","Selectors":[],"ResponseHeaders":[{"Name":"Cache-Control","Value":"no-cache"},{"Name":"Content-Length","Value":"4405142"},{"Name":"Content-Type","Value":"text/plain"},{"Name":"ETag","Value":"\"FPklwAmJXDEQFwruXmyQUvs0IAu0LytFKFMvEksSAB4=\""},{"Name":"Last-Modified","Value":"Mon, 08 Dec 2025 05:28:23 GMT"}],"EndpointProperties":[{"Name":"integrity","Value":"sha256-FPklwAmJXDEQFwruXmyQUvs0IAu0LytFKFMvEksSAB4="}]},{"Route":"static/media/brand-icons.278156e41e0ad908cf7f.31scot9y9f.woff2","AssetFile":"static/media/brand-icons.278156e41e0ad908cf7f.woff2","Selectors":[],"ResponseHeaders":[{"Name":"Cache-Control","Value":"max-age=31536000, immutable"},{"Name":"Content-Length","Value":"54488"},{"Name":"Content-Type","Value":"font/woff2"},{"Name":"ETag","Value":"\"59TVNAu+V6Adj3mSFC4nY9Q41Xg4kMdnSDBu6/oFamk=\""},{"Name":"Last-Modified","Value":"Mon, 08 Dec 2025 05:28:23 GMT"}],"EndpointProperties":[{"Name":"fingerprint","Value":"31scot9y9f"},{"Name":"integrity","Value":"sha256-59TVNAu+V6Adj3mSFC4nY9Q41Xg4kMdnSDBu6/oFamk="},{"Name":"label","Value":"static/media/brand-icons.278156e41e0ad908cf7f.woff2"}]},{"Route":"static/media/brand-icons.278156e41e0ad908cf7f.woff2","AssetFile":"static/media/brand-icons.278156e41e0ad908cf7f.woff2","Selectors":[],"ResponseHeaders":[{"Name":"Cache-Control","Value":"max-age=3600, must-revalidate"},{"Name":"Content-Length","Value":"54488"},{"Name":"Content-Type","Value":"font/woff2"},{"Name":"ETag","Value":"\"59TVNAu+V6Adj3mSFC4nY9Q41Xg4kMdnSDBu6/oFamk=\""},{"Name":"Last-Modified","Value":"Mon, 08 Dec 2025 05:28:23 GMT"}],"EndpointProperties":[{"Name":"integrity","Value":"sha256-59TVNAu+V6Adj3mSFC4nY9Q41Xg4kMdnSDBu6/oFamk="}]},{"Route":"static/media/brand-icons.65a2fb6d9aaa164b41a0.m6dgiljucm.ttf","AssetFile":"static/media/brand-icons.65a2fb6d9aaa164b41a0.ttf","Selectors":[],"ResponseHeaders":[{"Name":"Cache-Control","Value":"max-age=31536000, immutable"},{"Name":"Content-Length","Value":"98404"},{"Name":"Content-Type","Value":"application/x-font-ttf"},{"Name":"ETag","Value":"\"QuNp3Iw3KXO6d6gmti0seiBwUyMT34MqIyiN23aXQVg=\""},{"Name":"Last-Modified","Value":"Mon, 08 Dec 2025 05:28:23 GMT"}],"EndpointProperties":[{"Name":"fingerprint","Value":"m6dgiljucm"},{"Name":"integrity","Value":"sha256-QuNp3Iw3KXO6d6gmti0seiBwUyMT34MqIyiN23aXQVg="},{"Name":"label","Value":"static/media/brand-icons.65a2fb6d9aaa164b41a0.ttf"}]},{"Route":"static/media/brand-icons.65a2fb6d9aaa164b41a0.ttf","AssetFile":"static/media/brand-icons.65a2fb6d9aaa164b41a0.ttf","Selectors":[],"ResponseHeaders":[{"Name":"Cache-Control","Value":"no-cache"},{"Name":"Content-Length","Value":"98404"},{"Name":"Content-Type","Value":"application/x-font-ttf"},{"Name":"ETag","Value":"\"QuNp3Iw3KXO6d6gmti0seiBwUyMT34MqIyiN23aXQVg=\""},{"Name":"Last-Modified","Value":"Mon, 08 Dec 2025 05:28:23 GMT"}],"EndpointProperties":[{"Name":"integrity","Value":"sha256-QuNp3Iw3KXO6d6gmti0seiBwUyMT34MqIyiN23aXQVg="}]},{"Route":"static/media/brand-icons.6729d29753e000c17489.svg","AssetFile":"static/media/brand-icons.6729d29753e000c17489.svg","Selectors":[],"ResponseHeaders":[{"Name":"Cache-Control","Value":"max-age=3600, must-revalidate"},{"Name":"Content-Length","Value":"507628"},{"Name":"Content-Type","Value":"image/svg+xml"},{"Name":"ETag","Value":"\"ZRmhWwgpS+OV7ZFMQCNrpgQhTLEWO1MRqYdfHfXu2G0=\""},{"Name":"Last-Modified","Value":"Mon, 08 Dec 2025 05:28:23 GMT"}],"EndpointProperties":[{"Name":"integrity","Value":"sha256-ZRmhWwgpS+OV7ZFMQCNrpgQhTLEWO1MRqYdfHfXu2G0="}]},{"Route":"static/media/brand-icons.6729d29753e000c17489.zm6g5b7bg2.svg","AssetFile":"static/media/brand-icons.6729d29753e000c17489.svg","Selectors":[],"ResponseHeaders":[{"Name":"Cache-Control","Value":"max-age=31536000, immutable"},{"Name":"Content-Length","Value":"507628"},{"Name":"Content-Type","Value":"image/svg+xml"},{"Name":"ETag","Value":"\"ZRmhWwgpS+OV7ZFMQCNrpgQhTLEWO1MRqYdfHfXu2G0=\""},{"Name":"Last-Modified","Value":"Mon, 08 Dec 2025 05:28:23 GMT"}],"EndpointProperties":[{"Name":"fingerprint","Value":"zm6g5b7bg2"},{"Name":"integrity","Value":"sha256-ZRmhWwgpS+OV7ZFMQCNrpgQhTLEWO1MRqYdfHfXu2G0="},{"Name":"label","Value":"static/media/brand-icons.6729d29753e000c17489.svg"}]},{"Route":"static/media/brand-icons.cac87dc00c87a5d74711.hs2xw1g41m.woff","AssetFile":"static/media/brand-icons.cac87dc00c87a5d74711.woff","Selectors":[],"ResponseHeaders":[{"Name":"Cache-Control","Value":"max-age=31536000, immutable"},{"Name":"Content-Length","Value":"63728"},{"Name":"Content-Type","Value":"application/font-woff"},{"Name":"ETag","Value":"\"n6/Ww+e/wUXbQqkG5fpo/mpvlyIfAT0+gz/DIxuZLEQ=\""},{"Name":"Last-Modified","Value":"Mon, 08 Dec 2025 05:28:23 GMT"}],"EndpointProperties":[{"Name":"fingerprint","Value":"hs2xw1g41m"},{"Name":"integrity","Value":"sha256-n6/Ww+e/wUXbQqkG5fpo/mpvlyIfAT0+gz/DIxuZLEQ="},{"Name":"label","Value":"static/media/brand-icons.cac87dc00c87a5d74711.woff"}]},{"Route":"static/media/brand-icons.cac87dc00c87a5d74711.woff","AssetFile":"static/media/brand-icons.cac87dc00c87a5d74711.woff","Selectors":[],"ResponseHeaders":[{"Name":"Cache-Control","Value":"no-cache"},{"Name":"Content-Length","Value":"63728"},{"Name":"Content-Type","Value":"application/font-woff"},{"Name":"ETag","Value":"\"n6/Ww+e/wUXbQqkG5fpo/mpvlyIfAT0+gz/DIxuZLEQ=\""},{"Name":"Last-Modified","Value":"Mon, 08 Dec 2025 05:28:23 GMT"}],"EndpointProperties":[{"Name":"integrity","Value":"sha256-n6/Ww+e/wUXbQqkG5fpo/mpvlyIfAT0+gz/DIxuZLEQ="}]},{"Route":"static/media/brand-icons.d68fa3e67dbb653a13ce.4fdtjsx8ay.eot","AssetFile":"static/media/brand-icons.d68fa3e67dbb653a13ce.eot","Selectors":[],"ResponseHeaders":[{"Name":"Cache-Control","Value":"max-age=31536000, immutable"},{"Name":"Content-Length","Value":"98640"},{"Name":"Content-Type","Value":"application/vnd.ms-fontobject"},{"Name":"ETag","Value":"\"0CPFX94iBJXxOoe3KZXg35jI0ok1dymdGZ2lu/W0/gI=\""},{"Name":"Last-Modified","Value":"Mon, 08 Dec 2025 05:28:23 GMT"}],"EndpointProperties":[{"Name":"fingerprint","Value":"4fdtjsx8ay"},{"Name":"integrity","Value":"sha256-0CPFX94iBJXxOoe3KZXg35jI0ok1dymdGZ2lu/W0/gI="},{"Name":"label","Value":"static/media/brand-icons.d68fa3e67dbb653a13ce.eot"}]},{"Route":"static/media/brand-icons.d68fa3e67dbb653a13ce.eot","AssetFile":"static/media/brand-icons.d68fa3e67dbb653a13ce.eot","Selectors":[],"ResponseHeaders":[{"Name":"Cache-Control","Value":"no-cache"},{"Name":"Content-Length","Value":"98640"},{"Name":"Content-Type","Value":"application/vnd.ms-fontobject"},{"Name":"ETag","Value":"\"0CPFX94iBJXxOoe3KZXg35jI0ok1dymdGZ2lu/W0/gI=\""},{"Name":"Last-Modified","Value":"Mon, 08 Dec 2025 05:28:23 GMT"}],"EndpointProperties":[{"Name":"integrity","Value":"sha256-0CPFX94iBJXxOoe3KZXg35jI0ok1dymdGZ2lu/W0/gI="}]},{"Route":"static/media/flags.99f63ae7a743f21ab308.0v5juufe14.png","AssetFile":"static/media/flags.99f63ae7a743f21ab308.png","Selectors":[],"ResponseHeaders":[{"Name":"Cache-Control","Value":"max-age=31536000, immutable"},{"Name":"Content-Length","Value":"28123"},{"Name":"Content-Type","Value":"image/png"},{"Name":"ETag","Value":"\"lNXH8WYTAcSm3Ekdct1VmgYgzZF6gm8N8bAju5bqnd0=\""},{"Name":"Last-Modified","Value":"Mon, 08 Dec 2025 05:28:23 GMT"}],"EndpointProperties":[{"Name":"fingerprint","Value":"0v5juufe14"},{"Name":"integrity","Value":"sha256-lNXH8WYTAcSm3Ekdct1VmgYgzZF6gm8N8bAju5bqnd0="},{"Name":"label","Value":"static/media/flags.99f63ae7a743f21ab308.png"}]},{"Route":"static/media/flags.99f63ae7a743f21ab308.png","AssetFile":"static/media/flags.99f63ae7a743f21ab308.png","Selectors":[],"ResponseHeaders":[{"Name":"Cache-Control","Value":"max-age=3600, must-revalidate"},{"Name":"Content-Length","Value":"28123"},{"Name":"Content-Type","Value":"image/png"},{"Name":"ETag","Value":"\"lNXH8WYTAcSm3Ekdct1VmgYgzZF6gm8N8bAju5bqnd0=\""},{"Name":"Last-Modified","Value":"Mon, 08 Dec 2025 05:28:23 GMT"}],"EndpointProperties":[{"Name":"integrity","Value":"sha256-lNXH8WYTAcSm3Ekdct1VmgYgzZF6gm8N8bAju5bqnd0="}]},{"Route":"static/media/icons.38c6d8bab26db77d8c80.plfff40fe0.woff2","AssetFile":"static/media/icons.38c6d8bab26db77d8c80.woff2","Selectors":[],"ResponseHeaders":[{"Name":"Cache-Control","Value":"max-age=31536000, immutable"},{"Name":"Content-Length","Value":"40148"},{"Name":"Content-Type","Value":"font/woff2"},{"Name":"ETag","Value":"\"Q0RmtZVFqKHKxt2zgZfNxrNZlamMPzgS+4jWGxwwDdM=\""},{"Name":"Last-Modified","Value":"Mon, 08 Dec 2025 05:28:23 GMT"}],"EndpointProperties":[{"Name":"fingerprint","Value":"plfff40fe0"},{"Name":"integrity","Value":"sha256-Q0RmtZVFqKHKxt2zgZfNxrNZlamMPzgS+4jWGxwwDdM="},{"Name":"label","Value":"static/media/icons.38c6d8bab26db77d8c80.woff2"}]},{"Route":"static/media/icons.38c6d8bab26db77d8c80.woff2","AssetFile":"static/media/icons.38c6d8bab26db77d8c80.woff2","Selectors":[],"ResponseHeaders":[{"Name":"Cache-Control","Value":"max-age=3600, must-revalidate"},{"Name":"Content-Length","Value":"40148"},{"Name":"Content-Type","Value":"font/woff2"},{"Name":"ETag","Value":"\"Q0RmtZVFqKHKxt2zgZfNxrNZlamMPzgS+4jWGxwwDdM=\""},{"Name":"Last-Modified","Value":"Mon, 08 Dec 2025 05:28:23 GMT"}],"EndpointProperties":[{"Name":"integrity","Value":"sha256-Q0RmtZVFqKHKxt2zgZfNxrNZlamMPzgS+4jWGxwwDdM="}]},{"Route":"static/media/icons.425399f81e4ce7cbd967.rcaksbfdzj.woff","AssetFile":"static/media/icons.425399f81e4ce7cbd967.woff","Selectors":[],"ResponseHeaders":[{"Name":"Cache-Control","Value":"max-age=31536000, immutable"},{"Name":"Content-Length","Value":"50524"},{"Name":"Content-Type","Value":"application/font-woff"},{"Name":"ETag","Value":"\"lbakhA+HEeyrQnvCNuuGCY235ceCuvsTnIwwgFql/+E=\""},{"Name":"Last-Modified","Value":"Mon, 08 Dec 2025 05:28:23 GMT"}],"EndpointProperties":[{"Name":"fingerprint","Value":"rcaksbfdzj"},{"Name":"integrity","Value":"sha256-lbakhA+HEeyrQnvCNuuGCY235ceCuvsTnIwwgFql/+E="},{"Name":"label","Value":"static/media/icons.425399f81e4ce7cbd967.woff"}]},{"Route":"static/media/icons.425399f81e4ce7cbd967.woff","AssetFile":"static/media/icons.425399f81e4ce7cbd967.woff","Selectors":[],"ResponseHeaders":[{"Name":"Cache-Control","Value":"no-cache"},{"Name":"Content-Length","Value":"50524"},{"Name":"Content-Type","Value":"application/font-woff"},{"Name":"ETag","Value":"\"lbakhA+HEeyrQnvCNuuGCY235ceCuvsTnIwwgFql/+E=\""},{"Name":"Last-Modified","Value":"Mon, 08 Dec 2025 05:28:23 GMT"}],"EndpointProperties":[{"Name":"integrity","Value":"sha256-lbakhA+HEeyrQnvCNuuGCY235ceCuvsTnIwwgFql/+E="}]},{"Route":"static/media/icons.62d9dae4e0040e81c980.gedw61av4b.svg","AssetFile":"static/media/icons.62d9dae4e0040e81c980.svg","Selectors":[],"ResponseHeaders":[{"Name":"Cache-Control","Value":"max-age=31536000, immutable"},{"Name":"Content-Length","Value":"390837"},{"Name":"Content-Type","Value":"image/svg+xml"},{"Name":"ETag","Value":"\"KCpk+2AM2sb/eQvQH5LdZx0QqYJ4zM9S+yJHmhiraTQ=\""},{"Name":"Last-Modified","Value":"Mon, 08 Dec 2025 05:28:23 GMT"}],"EndpointProperties":[{"Name":"fingerprint","Value":"gedw61av4b"},{"Name":"integrity","Value":"sha256-KCpk+2AM2sb/eQvQH5LdZx0QqYJ4zM9S+yJHmhiraTQ="},{"Name":"label","Value":"static/media/icons.62d9dae4e0040e81c980.svg"}]},{"Route":"static/media/icons.62d9dae4e0040e81c980.svg","AssetFile":"static/media/icons.62d9dae4e0040e81c980.svg","Selectors":[],"ResponseHeaders":[{"Name":"Cache-Control","Value":"max-age=3600, must-revalidate"},{"Name":"Content-Length","Value":"390837"},{"Name":"Content-Type","Value":"image/svg+xml"},{"Name":"ETag","Value":"\"KCpk+2AM2sb/eQvQH5LdZx0QqYJ4zM9S+yJHmhiraTQ=\""},{"Name":"Last-Modified","Value":"Mon, 08 Dec 2025 05:28:23 GMT"}],"EndpointProperties":[{"Name":"integrity","Value":"sha256-KCpk+2AM2sb/eQvQH5LdZx0QqYJ4zM9S+yJHmhiraTQ="}]},{"Route":"static/media/icons.a01e3f2d6c83dc3aee17.eot","AssetFile":"static/media/icons.a01e3f2d6c83dc3aee17.eot","Selectors":[],"ResponseHeaders":[{"Name":"Cache-Control","Value":"no-cache"},{"Name":"Content-Length","Value":"106004"},{"Name":"Content-Type","Value":"application/vnd.ms-fontobject"},{"Name":"ETag","Value":"\"i04bhH4iIz1PRn00+u/nvL/rzm+pu77lYMRc2JSGh1E=\""},{"Name":"Last-Modified","Value":"Mon, 08 Dec 2025 05:28:23 GMT"}],"EndpointProperties":[{"Name":"integrity","Value":"sha256-i04bhH4iIz1PRn00+u/nvL/rzm+pu77lYMRc2JSGh1E="}]},{"Route":"static/media/icons.a01e3f2d6c83dc3aee17.fngdxu4amp.eot","AssetFile":"static/media/icons.a01e3f2d6c83dc3aee17.eot","Selectors":[],"ResponseHeaders":[{"Name":"Cache-Control","Value":"max-age=31536000, immutable"},{"Name":"Content-Length","Value":"106004"},{"Name":"Content-Type","Value":"application/vnd.ms-fontobject"},{"Name":"ETag","Value":"\"i04bhH4iIz1PRn00+u/nvL/rzm+pu77lYMRc2JSGh1E=\""},{"Name":"Last-Modified","Value":"Mon, 08 Dec 2025 05:28:23 GMT"}],"EndpointProperties":[{"Name":"fingerprint","Value":"fngdxu4amp"},{"Name":"integrity","Value":"sha256-i04bhH4iIz1PRn00+u/nvL/rzm+pu77lYMRc2JSGh1E="},{"Name":"label","Value":"static/media/icons.a01e3f2d6c83dc3aee17.eot"}]},{"Route":"static/media/icons.c656b8caa454ed19b9a2.dakargohl2.ttf","AssetFile":"static/media/icons.c656b8caa454ed19b9a2.ttf","Selectors":[],"ResponseHeaders":[{"Name":"Cache-Control","Value":"max-age=31536000, immutable"},{"Name":"Content-Length","Value":"105784"},{"Name":"Content-Type","Value":"application/x-font-ttf"},{"Name":"ETag","Value":"\"y3+B9UL1xBiju7mtP5++eEFR0TsEzsUOzt7GATMko9o=\""},{"Name":"Last-Modified","Value":"Mon, 08 Dec 2025 05:28:23 GMT"}],"EndpointProperties":[{"Name":"fingerprint","Value":"dakargohl2"},{"Name":"integrity","Value":"sha256-y3+B9UL1xBiju7mtP5++eEFR0TsEzsUOzt7GATMko9o="},{"Name":"label","Value":"static/media/icons.c656b8caa454ed19b9a2.ttf"}]},{"Route":"static/media/icons.c656b8caa454ed19b9a2.ttf","AssetFile":"static/media/icons.c656b8caa454ed19b9a2.ttf","Selectors":[],"ResponseHeaders":[{"Name":"Cache-Control","Value":"no-cache"},{"Name":"Content-Length","Value":"105784"},{"Name":"Content-Type","Value":"application/x-font-ttf"},{"Name":"ETag","Value":"\"y3+B9UL1xBiju7mtP5++eEFR0TsEzsUOzt7GATMko9o=\""},{"Name":"Last-Modified","Value":"Mon, 08 Dec 2025 05:28:23 GMT"}],"EndpointProperties":[{"Name":"integrity","Value":"sha256-y3+B9UL1xBiju7mtP5++eEFR0TsEzsUOzt7GATMko9o="}]},{"Route":"static/media/outline-icons.5367103510b27b784827.35v72bnbwz.ttf","AssetFile":"static/media/outline-icons.5367103510b27b784827.ttf","Selectors":[],"ResponseHeaders":[{"Name":"Cache-Control","Value":"max-age=31536000, immutable"},{"Name":"Content-Length","Value":"30928"},{"Name":"Content-Type","Value":"application/x-font-ttf"},{"Name":"ETag","Value":"\"Zxchcur85FY3JeZhBD1duFS4Z2ip6L05dY2+gcR5aTU=\""},{"Name":"Last-Modified","Value":"Mon, 08 Dec 2025 05:28:23 GMT"}],"EndpointProperties":[{"Name":"fingerprint","Value":"35v72bnbwz"},{"Name":"integrity","Value":"sha256-Zxchcur85FY3JeZhBD1duFS4Z2ip6L05dY2+gcR5aTU="},{"Name":"label","Value":"static/media/outline-icons.5367103510b27b784827.ttf"}]},{"Route":"static/media/outline-icons.5367103510b27b784827.ttf","AssetFile":"static/media/outline-icons.5367103510b27b784827.ttf","Selectors":[],"ResponseHeaders":[{"Name":"Cache-Control","Value":"no-cache"},{"Name":"Content-Length","Value":"30928"},{"Name":"Content-Type","Value":"application/x-font-ttf"},{"Name":"ETag","Value":"\"Zxchcur85FY3JeZhBD1duFS4Z2ip6L05dY2+gcR5aTU=\""},{"Name":"Last-Modified","Value":"Mon, 08 Dec 2025 05:28:23 GMT"}],"EndpointProperties":[{"Name":"integrity","Value":"sha256-Zxchcur85FY3JeZhBD1duFS4Z2ip6L05dY2+gcR5aTU="}]},{"Route":"static/media/outline-icons.687a4990ea22bb1a49d4.1vr1p7jex0.woff2","AssetFile":"static/media/outline-icons.687a4990ea22bb1a49d4.woff2","Selectors":[],"ResponseHeaders":[{"Name":"Cache-Control","Value":"max-age=31536000, immutable"},{"Name":"Content-Length","Value":"12240"},{"Name":"Content-Type","Value":"font/woff2"},{"Name":"ETag","Value":"\"TSiDRDsk5CRSf2oKeqKJez33HyOdtANzxP92DkgUeAE=\""},{"Name":"Last-Modified","Value":"Mon, 08 Dec 2025 05:28:23 GMT"}],"EndpointProperties":[{"Name":"fingerprint","Value":"1vr1p7jex0"},{"Name":"integrity","Value":"sha256-TSiDRDsk5CRSf2oKeqKJez33HyOdtANzxP92DkgUeAE="},{"Name":"label","Value":"static/media/outline-icons.687a4990ea22bb1a49d4.woff2"}]},{"Route":"static/media/outline-icons.687a4990ea22bb1a49d4.woff2","AssetFile":"static/media/outline-icons.687a4990ea22bb1a49d4.woff2","Selectors":[],"ResponseHeaders":[{"Name":"Cache-Control","Value":"max-age=3600, must-revalidate"},{"Name":"Content-Length","Value":"12240"},{"Name":"Content-Type","Value":"font/woff2"},{"Name":"ETag","Value":"\"TSiDRDsk5CRSf2oKeqKJez33HyOdtANzxP92DkgUeAE=\""},{"Name":"Last-Modified","Value":"Mon, 08 Dec 2025 05:28:23 GMT"}],"EndpointProperties":[{"Name":"integrity","Value":"sha256-TSiDRDsk5CRSf2oKeqKJez33HyOdtANzxP92DkgUeAE="}]},{"Route":"static/media/outline-icons.752905fa5edf21fc52a1.eot","AssetFile":"static/media/outline-icons.752905fa5edf21fc52a1.eot","Selectors":[],"ResponseHeaders":[{"Name":"Cache-Control","Value":"no-cache"},{"Name":"Content-Length","Value":"31156"},{"Name":"Content-Type","Value":"application/vnd.ms-fontobject"},{"Name":"ETag","Value":"\"RTf6BjQO5iwmTp16TYqryrPee9osXMM0AQ9GtoMQb8s=\""},{"Name":"Last-Modified","Value":"Mon, 08 Dec 2025 05:28:23 GMT"}],"EndpointProperties":[{"Name":"integrity","Value":"sha256-RTf6BjQO5iwmTp16TYqryrPee9osXMM0AQ9GtoMQb8s="}]},{"Route":"static/media/outline-icons.752905fa5edf21fc52a1.htioedqc1p.eot","AssetFile":"static/media/outline-icons.752905fa5edf21fc52a1.eot","Selectors":[],"ResponseHeaders":[{"Name":"Cache-Control","Value":"max-age=31536000, immutable"},{"Name":"Content-Length","Value":"31156"},{"Name":"Content-Type","Value":"application/vnd.ms-fontobject"},{"Name":"ETag","Value":"\"RTf6BjQO5iwmTp16TYqryrPee9osXMM0AQ9GtoMQb8s=\""},{"Name":"Last-Modified","Value":"Mon, 08 Dec 2025 05:28:23 GMT"}],"EndpointProperties":[{"Name":"fingerprint","Value":"htioedqc1p"},{"Name":"integrity","Value":"sha256-RTf6BjQO5iwmTp16TYqryrPee9osXMM0AQ9GtoMQb8s="},{"Name":"label","Value":"static/media/outline-icons.752905fa5edf21fc52a1.eot"}]},{"Route":"static/media/outline-icons.9c4845b4b41ef40a22fa.svg","AssetFile":"static/media/outline-icons.9c4845b4b41ef40a22fa.svg","Selectors":[],"ResponseHeaders":[{"Name":"Cache-Control","Value":"max-age=3600, must-revalidate"},{"Name":"Content-Length","Value":"107201"},{"Name":"Content-Type","Value":"image/svg+xml"},{"Name":"ETag","Value":"\"ro/QKnu4dHn+RqVB4upa9+NCOT6O+I01HNrxDOcc5gE=\""},{"Name":"Last-Modified","Value":"Mon, 08 Dec 2025 05:28:23 GMT"}],"EndpointProperties":[{"Name":"integrity","Value":"sha256-ro/QKnu4dHn+RqVB4upa9+NCOT6O+I01HNrxDOcc5gE="}]},{"Route":"static/media/outline-icons.9c4845b4b41ef40a22fa.y0bm37js32.svg","AssetFile":"static/media/outline-icons.9c4845b4b41ef40a22fa.svg","Selectors":[],"ResponseHeaders":[{"Name":"Cache-Control","Value":"max-age=31536000, immutable"},{"Name":"Content-Length","Value":"107201"},{"Name":"Content-Type","Value":"image/svg+xml"},{"Name":"ETag","Value":"\"ro/QKnu4dHn+RqVB4upa9+NCOT6O+I01HNrxDOcc5gE=\""},{"Name":"Last-Modified","Value":"Mon, 08 Dec 2025 05:28:23 GMT"}],"EndpointProperties":[{"Name":"fingerprint","Value":"y0bm37js32"},{"Name":"integrity","Value":"sha256-ro/QKnu4dHn+RqVB4upa9+NCOT6O+I01HNrxDOcc5gE="},{"Name":"label","Value":"static/media/outline-icons.9c4845b4b41ef40a22fa.svg"}]},{"Route":"static/media/outline-icons.ddae9b1ba9b0b42f5880.rwvjf3onq0.woff","AssetFile":"static/media/outline-icons.ddae9b1ba9b0b42f5880.woff","Selectors":[],"ResponseHeaders":[{"Name":"Cache-Control","Value":"max-age=31536000, immutable"},{"Name":"Content-Length","Value":"14712"},{"Name":"Content-Type","Value":"application/font-woff"},{"Name":"ETag","Value":"\"S8NZwnBXs+0LrKZtbFNJpdSmBQlvvHh1Bhui2Ro9bQU=\""},{"Name":"Last-Modified","Value":"Mon, 08 Dec 2025 05:28:23 GMT"}],"EndpointProperties":[{"Name":"fingerprint","Value":"rwvjf3onq0"},{"Name":"integrity","Value":"sha256-S8NZwnBXs+0LrKZtbFNJpdSmBQlvvHh1Bhui2Ro9bQU="},{"Name":"label","Value":"static/media/outline-icons.ddae9b1ba9b0b42f5880.woff"}]},{"Route":"static/media/outline-icons.ddae9b1ba9b0b42f5880.woff","AssetFile":"static/media/outline-icons.ddae9b1ba9b0b42f5880.woff","Selectors":[],"ResponseHeaders":[{"Name":"Cache-Control","Value":"no-cache"},{"Name":"Content-Length","Value":"14712"},{"Name":"Content-Type","Value":"application/font-woff"},{"Name":"ETag","Value":"\"S8NZwnBXs+0LrKZtbFNJpdSmBQlvvHh1Bhui2Ro9bQU=\""},{"Name":"Last-Modified","Value":"Mon, 08 Dec 2025 05:28:23 GMT"}],"EndpointProperties":[{"Name":"integrity","Value":"sha256-S8NZwnBXs+0LrKZtbFNJpdSmBQlvvHh1Bhui2Ro9bQU="}]}]}